time,ticker,side,price,contracts,result,won,pnl,balance
2026-10-09T18:49:32,KXBTC15M-26OCT091500-00,UP,0.74,30,no,False,-22.61,77.39
2026-10-09T19:18:34,KXBTC15M-26OCT091530-30,UP,0.39,30,no,False,-12.2,65.19
2026-10-09T19:33:55,KXBTC15M-26OCT091545-45,UP,0.37,30,no,False,-11.59,53.6
2026-10-09T20:18:51,KXBTC15M-26OCT091630-30,DOWN,0.65,30,no,True,10.02,63.62
2026-10-09T20:33:45,KXBTC15M-26OCT091645-45,UP,0.47,30,yes,True,15.37,78.99
2026-10-09T20:48:57,KXBTC15M-26OCT091700-00,UP,0.88,30,yes,True,3.37,82.36
2026-10-09T21:03:52,KXBTC15M-26OCT091715-15,UP,0.64,30,yes,True,10.31,92.67
2026-10-09T21:18:40,KXBTC15M-26OCT091730-30,UP,0.44,30,yes,True,16.28,108.95
2026-10-09T21:33:25,KXBTC15M-26OCT091745-45,UP,0.4,30,no,False,-12.51,96.44
2026-10-09T22:33:59,KXBTC15M-26OCT091845-45,DOWN,0.13,30,yes,False,-4.14,92.3
2026-10-09T22:48:56,KXBTC15M-26OCT091900-00,UP,0.52,30,yes,True,13.87,106.17
